article_id,title
"""AR0126295""",Greetings to Seychellois President
"""AR0126287""",Venezuelan City's Highest Order Awarded to Supreme Leader Kim Jong Un
"""AR0126286""",Xi Jinping to Visit DPRK
"""AR0126281""",Kim Jae Ryong Inspects Tokchon Area Coal-Mining Complex
"""AR0126277""",Double-Dealing Tactics Will Never Work: KCNA Commentary
"""AR0126169""",Central Election Guidance Committee Formed in DPRK
"""AR0126127""",Congratulations to President of Kazakhstan
"""AR0126118""",Greetings to Philippine President
"""AR0126117""","KCNA Commentary Rebukes Japan's Attachment to ""Flag of Rising Sun Shedding Rays"""
"""AR0126091""",DPRK Premier Inspects Several Units
"""AR0126353""",Results of AFC Cup
"""AR0126278""",Results of 2018-2019 DPRK Premier Football League (14)
"""AR0126227""",Road Relay Held in DPRK
"""AR0126226""",Results of 2018-2019 DPRK Women's Premier Football League (12)
"""AR0126058""",Results of 2018-2019 DPRK Premier Football League (13)
"""AR0126283""",Pyongyang International Sci-Tech Exhibition of Health and Medical Appliances Opens
"""AR0125978""",Fictions and Models - 2019 Held
"""AR0124762""",Tour by Super-light Planes Popular in DPRK
"""AR0122941""",MOU Signed between DPRK and Russia
"""AR0121949""",Masikryong Ski Resort
"""AR0121709""",Tour of Historical Sites in Kangso Area Begins
"""AR0120090""",Scenic Mt Kumgang of Korea
"""AR0125945""",Art Performance Given to Celebrate KCU Founding Anniversary
"""AR0126318""",National Art Exhibition Opens
"""AR0126163""",Piano Concert Held by Students of Kim Won Gyun University of Music
"""AR0126072""","""Unbangul""-trademarked Musical Instruments Popular in DPRK"
"""AR0126135""",Supreme Leader Kim Jong Un Sends Condolatory Message to Bereaved Families of Ri Hui Ho
"""AR0126134""","Supreme Leader Kim Jong Un Sends Condolatory Message and Wreath to Bereaved Families of Ri Hui Ho, Wife of S. Korean Ex-President Kim Dae Jung"
"""AR0126098""",Supreme Leader Kim Jong Un Sends Greetings to President of Russian Federation
"""AR0125886""",Supreme Leader Kim Jong Un Has Photo Session with Members of Art Groups of KPA Officers' Wives
"""AR0125876""",Supreme Leader Kim Jong Un Congratulates Raul Castro Ruz
"""AR0125857""",Grand Mass Gymnastics and Artistic Performance Opens
"""AR0126353""",Results of AFC Cup
"""AR0126351""",Russian Orthodox Church Delegation Leaves
"""AR0126350""","Floral Baskets Laid at Statues of President Kim Il Sung, Chairman Kim Jong Il"
"""AR0126349""",Delegation of Journalists Union of Korea Leaves for China
"""AR0126339""",Korean Socialism Strong in Juche Character and National Character
"""AR0126310""","Mt Jongbang, Recreation Ground for People"
"""AR0126338""",Chairman Kim Jong Il and WPK
"""AR0126335""",Chairman Kim Jong Il's Feats for Party Building
"""AR0126325""",Press Review
"""AR0126324""",Japan's Policy Hostile to DPRK under Fire
"""AR0126322""",Chairman Kim Jong Il's Leadership Exploits for Building Juche-oriented Party Will Be Everlasting: Rodong Sinmun
"""AR0126321""",Ideological Work Is Core Affair for Accomplishing Socialism: Rodong Sinmun
"""AR0126320""",Pyongyang Teacher Training College
"""AR0126317""",Solidarity with Korean People Called for
"""AR0126316""",Chairman Kim Jong Il Lauded Abroad
"""AR0126315""",Annual General Meeting of Paektusan Czech-Korean Friendship Association Held
"""AR0126318""",National Art Exhibition Opens
"""AR0126284""",DPRK Red Cross Society
"""AR0126314""",National Seminar Held
"""AR0126313""","Delegation of Koreans in Japan Pay Tribute to Statues of President Kim Il Sung, Chairman Kim Jong Il"
"""AR0126297""",Scientific Achievements Conducive to Environment Protection
"""AR0126296""",Big Efforts Paid to Securing Coal Deposits in DPRK
"""AR0126295""",Greetings to Seychellois President
"""AR0126293""","Rodong Sinmun Calls for Preserving Juche Character, National Character of Revolution and Construction"
"""AR0126292""",Press Review
"""AR0126291""",Central Zoo
"""AR0126290""",DPRK-U.S. Joint Statement Supported by Personages of Russia and Algeria
"""AR0126289""",President Kim Il Sung to Be Remembered in Kuwait
"""AR0126288""",President Kim Il Sung to Be Remembered in Syria
"""AR0126287""",Venezuelan City's Highest Order Awarded to Supreme Leader Kim Jong Un
"""AR0126233""",Chief of Pyongyang Mission of AINDF Vows to Thoroughly Implement June 15 Joint Declaration
"""AR0126222""","Bringing about Heyday of Peace, Prosperity and Reunification Called for"
"""AR0125917""",National Reunification Institute Issues Detailed Report on Struggle to Dissolve LKP
"""AR0125557""",CPRC Reunification and Agitation Department Exposes Sordid Nature of LKP
"""AR0125472""",KCNA Commentary on Self-destructive Acts of S. Korean Conservatives
"""AR0125350""","C.C., AINDF Calls for Unity to Eliminate Evil-doing Conservative Forces"
"""AR0125232""","KCNA Commentary on LKP's ""North Wind"" Farce in South Korea"
"""AR0126351""",Russian Orthodox Church Delegation Leaves
"""AR0126349""",Delegation of Journalists Union of Korea Leaves for China
"""AR0126317""",Solidarity with Korean People Called for
"""AR0126316""",Chairman Kim Jong Il Lauded Abroad
"""AR0126315""",Annual General Meeting of Paektusan Czech-Korean Friendship Association Held
"""AR0126284""",DPRK Red Cross Society
"""AR0126295""",Greetings to Seychellois President
"""AR0126290""",DPRK-U.S. Joint Statement Supported by Personages of Russia and Algeria
"""AR0126353""",Results of AFC Cup
"""AR0126317""",Solidarity with Korean People Called for
"""AR0126315""",Annual General Meeting of Paektusan Czech-Korean Friendship Association Held
"""AR0126289""",President Kim Il Sung to Be Remembered in Kuwait
"""AR0126287""",Venezuelan City's Highest Order Awarded to Supreme Leader Kim Jong Un
"""AR0126257""",DPRK-U.S. Joint Statement Supported by Personages of Jordan and Angola
"""AR0126316""",Chairman Kim Jong Il Lauded Abroad
"""AR0126290""",DPRK-U.S. Joint Statement Supported by Personages of Russia and Algeria
"""AR0126288""",President Kim Il Sung to Be Remembered in Syria
"""AR0126258""",President Kim Il Sung to Be Remembered in DR Congo
"""AR0126256""",President Kim Il Sung to Be Remembered in Pakistan
"""AR0126222""","Bringing about Heyday of Peace, Prosperity and Reunification Called for"
"""AR0125917""",National Reunification Institute Issues Detailed Report on Struggle to Dissolve LKP
"""AR0125884""",Fate of DPRK-U.S. Joint Statement: Spokesperson for Ministry of Foreign Affairs of DPRK
"""AR0125701""","Use of Strength Is Not at All Monopoly of U.S.: Policy Research Director of Institute for American Studies, FM of DPRK"
"""AR0125557""",CPRC Reunification and Agitation Department Exposes Sordid Nature of LKP
"""AR0125350""","C.C., AINDF Calls for Unity to Eliminate Evil-doing Conservative Forces"
"""AR0124795""",Workers in North and South Call for Implementing North-South Declarations
"""AR0126325""",Press Review
"""AR0126324""",Japan's Policy Hostile to DPRK under Fire
"""AR0126322""",Chairman Kim Jong Il's Leadership Exploits for Building Juche-oriented Party Will Be Everlasting: Rodong Sinmun
"""AR0126321""",Ideological Work Is Core Affair for Accomplishing Socialism: Rodong Sinmun
"""AR0126293""","Rodong Sinmun Calls for Preserving Juche Character, National Character of Revolution and Construction"
"""AR0126292""",Press Review
"""AR0126262""",Review of Rodong Sinmun
"""AR0126155""",Struggle for Uprooting Deep-Seated Evils Called for in S. Korea
"""AR0126025""",S. Korean Newspaper Sneers at LKP
"""AR0125877""",Struggle for Uprooting Deep-Seated Evils Called for
"""AR0125732""",South Korean Students' Group for Studying Supreme Leader Kim Jong Un to Publish Study Results
"""AR0125726""",Overseas Koreans Call for Setting Up Special Team for Inquiry into Sewol Disaster
"""AR0125725""",Traitor Hwang Kyo An Gets Cold Reception
"""AR0125707""",DPRK's Citizens' Favorite Songs Introduced by S. Korean Newspaper
