Alabama Mineral & Lapidary Society,http://www.lapidaryclub.com/,Birmingham
Dothan Gem & Mineral Club,http://www.wiregrassrockhounds.com/,Dothan
Huntsville Gem and Mineral Society,http://huntsvillegms.org/,Huntsville
Mobile Rock & Gem Society,http://www.mobilerockandgem.com/,Mobile
Montgomery Gem & Mineral Society,http://montgomerygemandmineralsociety.com/mgms/,Montgomery
Chugach Gem & Mineral Society,http://www.chugachgemandmineralsociety.com/,Anchorage
Mat-Su Rock and Mineral Club,http://matsurockclub.com/,Palmer
Apache Junction Rock and Gem Club,http://www.ajrockclub.com/,Apache Junction
Black Canyon City Rock Club,http://www.bccrockclub.mysite.com/,Black Canyon City
Daisy Mountain Rock & Mineral Club,http://www.dmrmc.com/,Anthem
Gila County Gem & Mineral Society,http://gilagem.org/,Miami
Huachuca Mineral and Gem Club,http://www.huachucamineralandgemclub.info/,Sierra Vista
Lake Havasu Gem & Mineral Society,http://www.lakehavasugms.org/,Lake Havasu City
Mineralogical Society of Arizona,http://www.msaaz.org/,Scottsdale
Mingus Gem & Mineral Club,http://www.mingusclub.org/,Cottonwood
Mohave County Gemstoners,http://www.gemstoners.org/,Kingman
Old Pueblo Lapidary Club,http://www.lapidaryclub.org/,Tucson
Prescott Gem & Mineral Club,http://www.prescottgemmineral.org/,Prescott Valley
Quartzsite Roadrunners Gem & Mineral Club,http://www.qrgmc.org/,Quartzsite
Rockhounds West,http://rockhounds.scwclubs.com/,Phoenix
Sedona Gem & Mineral Club,http://www.sedonagemandmineral.org/,Sedona
Silvery Colorado River Rock Club,http://scrrc.blogspot.com/,Bullhead City
Sunsites Gem and Mineral Club,https://sites.google.com/site/cochisecountyrock/,Pearce
Tucson Gem and Mineral Society,http://www.tgms.org/,Tucson
Verde River Rockhounds,http://www.verderiverrockhounds.com/,Cottonwood
West Valley Rock & Mineral Club,http://www.westvalleyrockandmineralclub.com/,Buckeye
White Mountain Gem & Mineral Club,http://whitemountain-azrockclub.org/,Show Low
Wickenburg Gem and Mineral Society,http://www.wickenburggms.org/,Wickenburg
"Central Arkansas Gem, Mineral and Geology Society",http://www.centralarrockhound.org/,Little Rock
Northwest Arkansas Gem & Mineral Society,http://www.nwarockhounds.org/,Siloam Springs
"Ozark Earth Science Gem, Mineral & Fossil Club",https://www.ozarkearthscience.com/,Mountain Home
Amador County Gem & Mineral Society,http://www.amadorgemandmineral.org/,Sutter Creek
American Opal Society,http://www.opalsociety.org/,Anaheim
Antelope Valley Gem and Mineral Club,http://avgem.weebly.com/,Lancaster
Antioch Lapidary Club,http://www.antiochlapidaryclub.com/,Antioch
Borrego Rock and Gem Club,http://www.abdnha.org/bragclub.html,Borrego Springs
Calaveras Gem & Mineral Society,http://www.calaverasgemandmineral.org/,Angels Camp
Carmel Valley Gem and Mineral Society,http://www.cvgms.rocks/,Pacific Grove
Central Coast Treasure Hunters Association,http://www.cctha.org/,San Luis Obispo
Coalinga Rockhound Society,https://sites.google.com/site/coalingarockhounds/,Coalinga
Conejo Gem & Mineral Club,http://www.cgamc.org/,Thousand Oaks
Contra Costa Mineral & Gem Society,http://www.ccmgs.org/,Concord
The Culver City Rock and Mineral Club,http://culvercityrocks.org/,Culver City
Del Air Rockhounds Club,http://delairrockhounds.blogspot.com/,Northridge
Delvers Gem & Mineral Society,https://delversgemclub.wordpress.com/,Bellflower
El Cajon Valley Gem & Mineral Society,http://www.ecvgms.org/,El Cajon
El Dorado County Mineral and Gem Society,http://www.eldoradomineralandgem.org/,Placerville
Faceters Guild of Southern California,http://www.fgosc.com/,Buena Park
"Fallbrook Gem and Mineral Society, Inc.",http://www.fgms.org/FGMS/Home.html,Fallbrook
Feather River Lapidary & Mineral Society,http://www.featherriverrocks.org/,Oroville
First Class Miners,http://www.firstclassminers.org/,Yucca Valley
"Fossils for Fun Society, Inc.",https://www.facebook.com/The-Fossils-for-Fun-Society-994879667246272/,North Highlands
Fresno Gem & Mineral Society,http://fgms.us/,Fresno
Gold Country Treasure Seekers,https://goldcountrytreasureseekers.shutterfly.com/,Placerville
Hi-Desert Rockhounds of Morongo Valley,http://www.hi-desertrockhounds.org/,Yucca Valley
Indian Wells Valley Gem & Mineral Society,http://indianwells.weebly.com/,Ridgecrest
Kern County Mineral Society,http://kerncountymineralsociety.org/,Bakersfield
Lemoore Gem and Mineral Club,https://www.facebook.com/Lemoore-Gem-and-Mineral-Club-706220872829687/,Lemoore
Livermore Valley Lithophiles,http://www.lithophiles.com/,Livermore
Line Pine Gem & Mieral Society,http://lpgms.org/,Lone Pine
Mariposa Gem & Mineral Club,http://mariposagmc.org/,Mariposa
Mineral & Gem Society of Castro Valley,http://www.mgscv.org/,Hayward
Mineralogical Society of Southern California,http://www.mineralsocal.org/,Pasadena
Mojave Desert Gem & Mineral Society,http://www.mdgms.net/,Barstow
Monrovia Rock Hounds Inc.,http://www.moroks.com/,Monrovia
Mother Lode Mineral Society,http://www.motherlodemineralsociety.com/,Modesto
Needles Gem & Mineral Club,http://needlesgemmineralclub.blogspot.com/,Mohave Valley
Nevada County Gem & Mineral Society,http://www.ncgms.org/,Grass Valley
Northern California Geological Society,http://www.ncgeolsoc.org/,Orinda
North Orange County Gem & Mineral Society,http://www.nocgms.com/,La Habra
Orange Belt Mineralogical Society,http://obmsrocks.yolasite.com/,San Bernardino
Orcutt Mineral Society,http://www.omsinc.org/,Santa Maria
Oxnard Gem & Mineral Society,http://oxnardgem.com/home/,Oxnard
Palmdale Gem & Mineral Club,https://www.facebook.com/palmdalegemandmineralclub/,Palmdale
Palomar Gem & Mineral Club,http://palomargem.org/,Escondido
Palos Verdes Gem & Mineral Society,http://www.palos-verdes-gem-and-mineral-society.org/,Rolling Hills Estates
Paradise Gem & Mineral Club,http://www.paradisegem.org/,Paradise
Pasadena Lapidary Society,http://www.pasadenalapidarysociety.org/,Pasadena
"Peninsula Gem & Geology Society, Inc.",http://pggs.org/,Los Altos
Roseville Rock Rollers,http://www.rockrollers.com/,Roseville
Route 66 Gold Miners Inc,http://www.route66goldminers.org/,Brea
Sacramento Mineral Society,http://www.sacramentomineralsociety.org/,Sacramento
Sacramento Valley Detecting Buffs,http://www.sacramentovalleydetectingbuffs.com/,North Highlands
Salinas Valley Rock and Gem Club,https://salinasrockandgem.pagecloud.com/,Salinas
San Diego Gem and Mineral Society,http://www.sdmg.org/,San Diego
San Diego Lapidary Society,http://sandiegolapidarysociety.org/,San Diego
"San Francisco Gem and Mineral Society, Inc.",http://www.sfgms.org/,San Francisco
San Joaquin Valley Lapidary Society,http://sjvls.blogspot.com/,Bakersfield
San Luis Obispo Gem & Mineral Club,http://www.slogem.org/,San Luis Obispo
"Santa Ana Rock & Mineral Club, Inc.",http://www.sarmclub.org/,Santa Ana
Santa Clara Valley Gem & Mineral Society,http://www.scvgms.org/,San Jose
Santa Cruz Mineral and Gem Society,https://www.facebook.com/scmgs/,Santa Cruz
Santa Lucia Rockhounds,http://www.slrockhounds.org/,Paso Robles
"Santa Rosa Mineral And Gem Society, Inc.",http://www.srmgs.org/,Santa Rosa
Searchers Gem and Mineral Society,https://www.searchersrocks.org/,Anaheim
"Searles Lake Gem and Mineral Society, Inc.",http://www1.iwvisp.com/tronagemclub/,Trona
Sequoia Gem and Mineral Society,http://www.sequoiagemandmineralsociety.org/,Redwood City
Shadow Mountain Gem & Mineral Society,http://www.shadowmountaingemmineral.org/,Palm Springs
Shasta Gem & Mineral Society,http://www.shastagemandmineral.com/,Redding
Sierra Pelona Rock Club,http://www.sierrapelona.com/,Newhall
South Bay Lapidary & Mineral Society,https://southbaylapidaryandmineralsociety.com/,Torrance
South Orange County Gem & Mineral Society,https://www.facebook.com/South-Orange-County-Gem-Mineral-Society-255366124502612/,San Clemente
Southern California Paleontological Society,http://socalpaleo.com/,Los Angeles
Stockton Lapidary & Mineral Club,http://www.stocktonlapidary.com/,Stockton
Sutter Buttes Gem & Mineral Society,https://sutterbuttesgemmin.org/,Marysville
Tehachapi Valley Gem & Mineral Society,http://www.tvgms.org/,Tehachapi
Tule Gem and Mineral Society,http://www.tulegem.com/,Farmersville
Vallejo Gem & Mineral Society,http://www.vjgems.org/,Vallejo
"Valley Prospectors, Inc.",https://www.valleyprospectors.com/,San Bernardino
"Ventura Gem & Mineral Society, Inc",http://vgms.org/,Ventura
Victor Valley Gem and Mineral Club,http://www.vvgmc.org/,Victorville
Vista Gem & Mineral Society,http://www.vistarocks.org/,Vista
West Coast Prospectors & Treasure Hunters Association,http://westcoasters.org/,Garden Grove
West End Prospectors Corporation,http://www.wepcgold.com,Norco
"Whittier Gem and Mineral Society, Inc.",http://wgmsca.com/index.html,Whittier
"Woodland Hills Rock Chippers, Inc.",http://www.rockchippers.org/,San Fernando Valley
Yucaipa Valley Gem & Mineral Society,http://www.yvgms.org/wiki/,Yucaipa
Canon City Geology Club,http://www.canoncitygeologyclub.com/,Canon City
Colorado Gold Camp,http://coloradogoldcamp.com/,Frisco
Colorado Mineral Society,http://www.coloradomineralsociety.org/,Lakewood
Colorado Prospector,http://www.coloradoprospector.com/,Alamosa
Colorado Springs Mineral Society,http://www.csms1936.com/,Colorado Springs
Columbine Gem and Mineral Society,http://rockaholics.org/,Salida
Denver Gem and Mineral Guild,http://denvergem.org/index.html,Denver
Flatirons Mineral Club,http://flatironsmineralclub.org/,Boulder
Fort Collins Rockhounds,http://www.fortcollinsrockhounds.org/,Fort Collins
Four Corners Gem & Mineral Club,http://www.durangorocks.org/,Durango
Friends of Mineralogy - Colorado Chapter ,http://friendsofmineralogycolorado.org/,Denver
Grand Junction Gem & Mineral Club,http://www.grandjunctionrockclub.org/,Grand Junction
Lake George Gem & Mineral club,http://www.lggmclub.org/,Lake George
"Littleton Gem and Mineral Club, Inc.",http://littletongemandmineralclub.com/,Littleton
Mile High Rock and Mineral Society,http://www.milehirams.com/,Arvada
North Jeffco Gem & Mineral Club,http://www.peaktopeak.com/njeffco/index.php,Arvada
Pueblo Rockhounds,http://www.pueblorockhounds.org/,Pueblo
Western Interior Paleontological Society,http://www.westernpaleo.org/,Denver
Bristol Gem & Mineral Club,http://bristolgem.org/,Bristol
Danbury Mineralogical Society,http://danburymineralogicalsociety.weebly.com/,Danbury
Lapidary and Mineral Society of Central Connecticut,http://www.lmscc.org/,Meriden
New Haven Mineral Club,http://www.newhavenmineralclub.org/,New Haven
Stamford Mineralogical Society,http://www.stamfordmineralsociety.org/,Stamford
"Delaware Mineralogical Society, Inc.",http://www.delminsociety.net/,Wilmington
Canaveral Mineral & Gem Society,http://www.canaveral-mgs.com/,Melbourne
Central Brevard Rock and Gem Club,http://www.centralbrevardgems.org/,Merritt Island
Central Florida Mineral and Gem Society,http://www.cfmgs.org/,Winter Park
Florida Fossil Hunters,http://floridafossilhunters.com/,Orlando
Florida Gold Coast Gem & Mineral Society,http://fgcgms.com/main/,Hollywood
Fossil Club of Lee County,http://www.fcolc.com/,Ft. Myers
Gainesville Gem & Mineral Society,http://gainesvillegms.weebly.com/,Gainesville
Gem and Mineral Society of the Palm Beaches,http://www.gemandmineralsociety.org/,West Palm Beach
"Imperial Bone Valley Gem, Mineral, & Fossil Society",http://www.bonevalley.net/,Lakeland
"Jacksonville Gem and Mineral Society, Inc.",http://www.jaxgemandmineral.org/,Jacksonville
"Miami Mineralogical and Lapidary Guild, Inc.",http://www.mmlg-inc.org/,Miami
Playground Gem and Mineral Society,http://playgroundgem.org/,Ft. Walton Beach
Southwest Florida Fossil Society,http://www.southwestfloridafossilsociety.org/,Punta Gorda
St Lucie County Rock and Gem Club,http://www.slcrockandgem.org/,Port St Lucie
Suncoast Gem and Mineral Society,http://sgams.com/,St Petersburg
Tampa Bay Fossil Club,http://www.tampabayfossilclub.com/,Palm Harbor
"Tampa Bay Mineral & Science Club, Inc.",http://www.tampabayrockclub.com/,Tampa
The Villages Gem and Mineral Society,http://www.thevillagesgemandmineralsociety.com/,The Villages
Tomoka Faceters Guild,http://www.tomokafacetersguild.org/index.html,Palm Coast
Withlacoochee Rockhounds,http://www.withlacoocheerockhounds.com/,Spring Hill
Athens Rock and Gem Club,http://www.athensrockandgemclub.org/,Athens
Augusta Gem & Mineral Society,http://agams.club/,Augusta
Cobb County Gem and Mineral Society,https://www.ccgms.org/,Marietta
"Georgia Mineral Society, Inc.",http://www.gamineral.org/,Norcross
Mid-Georgia Gem and Mineral Society,http://midgagmsorg.ipage.com/,Macon
Rome Georgia Mineral Society Inc.,https://rogams.wordpress.com/,Rome
"Hui Pohaku 'O Hawai'i Rock & Mineral Society of Hawai'i, Inc.",http://pohakugalore.net/Hui_pohaku/Hiu_pohaku_1.html,Honolulu
"Hells Canyon Gem Club, Inc.",http://www.hellscanyongemclub.com/,Lewiston
Idaho Falls Gem & Mineral Society,http://ifgemmineral.weebly.com/,Idaho Falls
"Idaho Gem Club, Inc.",http://www.idahogemclub.com/,Boise
Magic Valley Gem Club,http://magicvalleygemclub.org/,Twin Falls
North Idaho Mineral Club,http://www.northidahomineralclub.com/,Coeur d'Alene
Owyhee Gem & Mineral Society,http://www.owyheerocks.com/,Caldwell
Pend Oreille Rock and Gem Club,https://pendoreillerockandgemclub.wordpress.com/,Oldtown
Southeast Idaho Gem and Mineral Society,https://www.facebook.com/SEIGMS,Boise
Black Hawk Gem & Mineral Club,http://www.blackhawkgemandmineralclub.com/,Rock Island
Central Illinois Gem & Mineral Club,http://rmkapta.wixsite.com/cigmc,Decatur
Chicago Rocks & Minerals Society,http://www.chicagorocks.org/,Skokie
Elgin Rock Club,http://elginrockclub.org/,Elgin
"Geodeland Earth Science Clubs, Inc.",http://www.geodeland.com/,Macomb
Lincoln Orbit Earth Science Society,http://www.loess.org/,Springfield
Midwest Historical Research Society,http://www.mhrsusa.com/,Chicago
Northwest Illinois Rock Club,http://nwilrockclubfrpt.blogspot.com/,Freeport
Peoria Academy of Science Geology Section,http://www.pasgeology.com/,Peoria
Southern Illinois Earth Science Club,http://www.siesclub.org/,Benton
West Central Illinois Rock & Mineral Club,http://www.rockchatter.com/,Macomb
West Suburban Lapidary Club,http://www.westsuburbanlapidaryclub.com/,Elmhurst
500 Earth Sciences Club,http://www.500earthsciencesclub.org/,Indianapolis
Brown County Rock and Mineral Club,http://browncountyrock.webs.com/,Nashville
Calumet Gem & Mineral Society,https://www.facebook.com/calumetrockclub,Crown Point
Evansville Lapidary Society,http://evansvillelapidarysociety.tumblr.com/,Evansville
"Eastern Indiana Gem & Geological Society, Inc.",http://eiggs.weebly.com/,Richmond
"Lawrence County Rock Club, Inc",http://www.lawrencecountyrockclub.org/,Bedford
"Michiana Gem & Mineral Society, Inc.",http://www.michianagms.org/,South Bend
Three Rivers Gem & Mineral Society,http://3riversgem_mineral.tripod.com/,Fort Wayne
Cedar Valley Rocks and Minerals Society,http://www.cedarvalleyrockclub.org/,Cedar Rapids
Des Moines Lapidary Society,http://dmlapidary.org/,Des Moines
Geology Club @ Cornell College,http://orgs.cornellcollege.edu/geo_club/,Mount Vernon
Iowa State University Geology Club,https://www.facebook.com/ISUGEOCLUB/,Ames
River Valley Rockhounds,http://amfed.org/mwf/states/Iowa/RiverValley.html,Fort Dodge
The Sac & Fox Lapidary Club,http://members.iowatelecom.net/billrath/rock_club.html,Fairfield
Olathe Gem and Mineral Society,http://olathegemclub.com/,Kansas City
Topeka Gem & Mineral Society,http://www.topekagms.org/,Topeka
Wichita Gem and Mineral Society,http://www.wgmsks.org/,Wichita
Wichita Paleontological Society,http://www.reocities.com/CapeCanaveral/Hangar/4265/home.html,Wichita
Blue Grass Gem & Mineral Club of Central Kentucky,http://bggamc.homestead.com/,Lexington
KYANA Geological Society,http://www.kyanageo.org/,Louisville
Kentucky Paleontological Society,http://www.uky.edu/OtherOrgs/KPS/,Lexington
Ark-La-Tex Gem & Mineral Society,http://larockclub.com/,Shreveport
Baton Rouge Gem & Mineral Society,http://www.brgemandmineral.org/,Baton Rouge
DeRidder Gem & Mineral Society,https://www.facebook.com/DeRidder-Gem-Mineral-Society-1123146734440993/,Leesville
Kennebec Rocks and Minerals Club,http://kennebec-rocksandminerals.com/,Winthrop
Maine Mineralogical & Geological Society,http://mainemineralclub.org/,Portland
Oxford County Mineral and Gem Association,http://ocmgassoc.blogspot.com/,South Paris
Penobscot Mineral and Lapidary Club,http://penobscotminerallapidaryclub.com/index.html,Milford
American Fossil Federation,http://americanfossilfederation.org/Home.html,Bowie
Baltimore Mineral Society,http://www.baltimoremineralsociety.org/,Baltimore
Calvert Marine Museum Fossil Club,http://www.calvertmarinemuseum.com/209/Fossil-Club,Solomons
Central Maryland Rock and Mineral Collectors Exchange,https://www.meetup.com/rockhounds/,Elkridge
Chesapeake Gem & Mineral Society,http://www.chesapeakegemandmineral.org/,Baltimore
"Gem Cutters Guild of Baltimore, Inc.",http://www.gemcuttersguild.com/,Baltimore
"Gem, Lapidary, and Mineral Society of Montgomery County, MD., Inc.",http://www.glmsmc.com/,Rockville
Maryland Geological Society,http://www.ecphora.net/mgs/,Bowie
Micromineralogists of the National Capital Area,http://dcmicrominerals.org/,"Washington, DC"
Patuxent Lapidary Guild,http://www.patuxentlapidary.org/,Annapolis
Southern Maryland Rock and Mineral Club,http://www.smrmc.org/,Clinton
The Mineralogical Society of the District of Columbia,http://www.mineralogicalsocietyofdc.org/,"Washington, DC"
"Boston Mineral Club, Inc.",http://www.bostonmineralclub.org/,Boston
Connecticut Valley Mineral Club,http://www.cvmineralclub.org/,Springfield
Micromounters of New England,http://micromountersofnewengland.org/,Chemlsford
Nashoba Valley Mineralogical Society,http://www.americantowns.com/ma/westford/organization/nashoba_valley_mineralogical_society,Westford
North Shore Rock & Mineral Club of Massachusetts,http://www.northshorerock.org/,South Hamilton
Northern Berkshire Mineral Club,http://nbmclub.webs.com/,North Adams
Southeastern Massachusetts Mineral Club,http://semmc.com/,Bridgewater
Worcester Mineral Club,http://worcestermineralclub.org/,Worcester
"Big Rapids Rock, Gem & Mineral Club",https://sites.google.com/site/bigrapidsrockgemmineralclub/,Big Rapids
Central Michigan Lapidary and Mineral Society,http://michrocks.org/,Lansing
Copper Country Rock and Mineral Club,http://www.ccrmc.info/,Dollar Bay
Flint Rock and Gem Club,http://www.flintrockandgem.org/,Flint
Grand Traverse Area Rock and Mineral Club,http://tcrockhounds.com/,Traverse City
Indian Mounds Rock & Mineral Club,http://www.indianmoundsrockclub.com/,Wyoming
Ishpeming Rock and Mineral Club,http://www.ishpemingrocks.org/,Ishpeming
Kalamazoo Geological & Mineral Society,http://kalamazoorockclub.org/,Kalamazoo
Livingston Gem & Mineral Society,http://www.livingstongemandmineralsociety.com/,Howell
Michigan Gem & Mineral Society,http://mgmsrockclub.com/,Michigan Center
Michigan Mineralogical Society,https://www.michmin.org/,Bloomfield Hills
Mid-Michigan Rock Club,http://www.midmichrockclub.com/?Page=1,Midland
Midwest Faceters' Guild,http://www.midwestfaceters.org/,Grand Rapids
Midwest Mineralological & Lapidary Society,http://www.mmls.us/,Taylor
Mikenauk Rock and Gem Club,http://mikenaukclub.weebly.com/,Roscommon
Mount Clemens Gem & Lapidary Society,http://mcgls.org/,Mt. Clemens
Oakland County Earth Science Club,http://www.ocesc.com/,Waterford
Roamin Club,https://roaminrockclub.weebly.com/,Livonia
StateLine Gem & Mineral Society,http://statelinegms.com/,Morenci
"Tulip City Gem & Mineral Club, Inc.",http://www.tulipcity.org/,Holland
Anoka County Gem & Mineral Club,http://www.amfed.org/mwf/states/Minnesota/AnokaGem.html,Minneapolis
"Cuyuna Rock, Gem and Mineral Society",http://cuyunarockclub.org/wp/,Brainerd
Minnesota Mineral Club,http://minnesotamineralclub.org/,Falcon Heights
Minnesota Valley Gem & Mineral Club,http://www.mnvalleygemandmineralclub.com/,Mankato
St Croix Rockhounds,http://stcroixrockhounds.org/,Stillwater
"Harrison County Gem & Mineral Society, Inc.",http://www.gulfportgems.org/,Gulfport
Mississippi Gem & Mineral Society,http://missgems.org/,Jackson
Mississippi Geological Society,http://www.missgeo.com/,Jackson
Mississippi Gulf Coast Gem and Mineral Society,http://www.mgcgms.org/,Ocean Springs
North Mississippi Gem and Mineral Society,http://www.nmgms.org/,Tupelo
Central Missouri Rock and Lapidary Club,http://www.cmrlc.org/,Columbia
Independence Gem & Mineral Society,http://www.igams.co/,Independence
Missouri Valley Gem & Mineral Society,http://www.movalleyrockclub.com/,St. Joseph
"Mozarkite Society of Lincoln, Inc.",http://www.mozarkite.com/,Lincoln
Ozark Mountain Gem & Mineral Society,https://www.facebook.com/omgms.57,Springfield
Rock Hobby Club of Greater Saint Louis,xxxxxhttp://rockhobby.stlearthsci.org/Home.aspxxxxxx,St. Louis
Rockwood Gem & Mineral Society,http://rockwood.stlearthsci.org/,St. Louis
St. Louis Mineral & Gem Society,http://www.stlrockclub.com/,St. Louis
"Show Me Gems & Minerals Club, Inc.",http://showme.stlearthsci.org/,St. Peters
Show-Me Rockhounds Kansas City,https://showmerockhounds.com/,Kansas City
"Billings Gem & Mineral Club, Inc.",http://www.billingsgemclub.com/,Billings
Bitterroot Gem & Mineral Society,http://www.ravalligemandmineralclub.org/,Corvallis
Bozeman Gem and Mineral Club,http://bozemangemandmineralclub.com/,Bozeman
Hellgate Mineral Society,https://www.facebook.com/HellgateMineralSociety/,Missoula
Kalispell Rockhound Club,http://www.kalispellrockhounds.org/,Kalispell
"Lincoln Gem & Mineral Club, Inc.",https://www.lincolngemmineralclub.org/,Lincoln
Comstock Gold Prospectors,http://cgpgold.org/,Reno
Great Basin Gem & Mineral Club,http://greatbasingemandmineralclub.rocks/,Carson City
High Desert Rockers,https://highdesertrockers.wordpress.com/,Carson City
Nye Gold Seekers,http://nyegoldseekers.webs.com/,Pahrump
Reno Gem and Mineral Society,http://www.renorockhounds.com/,Reno
Southern Nevada Gem and Mineral Society,http://www.snvgms.org/,Las Vegas
Capital Mineral Club,http://www.capitalmineralclub.org/,Concord
Keene Mineral Club,https://sites.google.com/site/keenemineralclub/home,Keene
Saco Valley Gem and Mineral Club,http://www.sacovalleygemandmineralclub.org/,Conway
Southeastern New Hampshire Mineral Club,https://www.senhmc.org/,Dover
Cape Atlantic Rockhounds Inc.,http://www.capeatlanticrockhounds.com/,Cologne
Delaware Valley Earth Science Society,http://www.dvess.org/,Woodbury
Friends of Mineralogy - New Jersey Chapter,https://fomnj.wordpress.com/,Marlboro Township
Morris Museum Mineralogical Society,http://morrismuseum.org/mineral-society/,Morristown
"New Jersey Mineralogical Society, Inc",http://www.njmin.org/,Mountainside
"North Jersey Mineralogical Society, Inc.",http://www.nojms.webs.com/,Paterson
Albuquerque Gem & Mineral Club,http://www.agmc.info/,Albuquerque
Carlsbad Gem and Mineral Society,http://www.carlsbadgms.org/,Carlsbad
Deming Gem & Mineral Society,http://www.thedgms.com/,Deming
"Grant County Rolling Stones Gem & Mineral Society, Inc.",http://rollingstonesgms.blogspot.com/,Silver City
Los Alamos Geological Society,http://pweb.netcom.com/~hoffmans/LAGS.html,Los Alamos
"Buffalo Geological Society, Inc.",http://www.bgsny.org/,Buffalo
Capital District Mineral Club,http://capitaldistrictmineralclub.com/,Albany
"Gem and Mineral Society of Syracuse, Inc.",http://www.gmss.us/,Syracuse
Island Rockhounds Inc.,http://www.islandrockhounds.org/,Bellmore
Long Island Mineral & Geology Society,http://www.limineralandgeology.com/LiMags/Home.html,Jamesport
Mid-Hudson Valley Gem and Mineral Society Inc.,http://mhvgms.org/index.html,Poughkeepsie
Nassau Mineral Club,http://nassaumineralclub.org/,Glen Cove
New York Mineralogical Club,http://www.newyorkmineralogicalclub.org/,NYC
New York Paleontological Society,http://www.nyps.org/index.htm,NYC
Orange County Mineral Society,http://www.orangecountymineralsocietynewyork.com/,Middletown
Rochester Academy of Science,http://www.rasny.org/,Rochester
Rochester Lapiday Society,http://www.rochesterlapidary.org/,Rochester
St. Lawrence County Rock & Mineral Club,http://stlawrencecountymineralclub.org/,Canton
Suffolk Gem & Mineral Club,http://www.suffolkgem.com/,Bay Shore
Wayne County Gem and Mineral Club,http://www.wcgmc.org/,Newark
Cape Fear Mineral & Gem Society,http://www.mercergarden.com/GemClub.html,Fayetteville
Catawba Valley Gem & Mineral Club,http://www.cvgmc.com/,Hickory
Central North Carolina Mineral Club,http://www.centralncmineralclub.org/,Chapel Hill
Charlotte Gem & Mineral Club,http://www.charlottegem.com/,Charlotte
Forsyth Gem and Mineral Club,http://www.forsythgemclub.com/fgmcmain.html,Winston-Salem
"Gaston Gem, Mineral and Faceters Club",http://gastongemclub.weebly.com/,Gastonia
Gem & Mineral Society of Franklin,http://www.fgmm.org/,Franklin
Greensboro Gem & Mineral Club,http://www.ggmc-rockhounds.com/,Greensboro
Henderson County Gem and Mineral Society,http://hcgms.com/index.html,Hendersonville
Mountain Area Gem and Mineral Association (MAGMA),http://www.wncrocks.com/magma/magma.html,Asheville
North Carolina Fossil Club,http://www.ncfossilclub.org/,Raleigh
Southern Appalachian Mineral Society,http://www.main.nc.us/sams/,Asheville
Tar Heel Gem & Mineral Club,http://www.tarheelclub.org/,Raleigh
Central Dakota Gem & Mineral Society,https://ndrockclub.org/,Bismarck
Brukner Gem and Mineral Club,http://www.bruknergemandmineralclub.com/,Troy
Cincinnati Mineral Society,http://mineralsociety.org/,Cincinnati
Columbus Rock and Mineral Society,http://www.columbusrockandmineralsociety.org/,Columbus
Dayton Gem & Mineral Society,https://www.facebook.com/The-Dayton-Gem-Mineral-Society-140478502678195/,Kettering
Dry Dredgers,http://drydredgers.org/,Cincinnati
Greater Cincinati Lapidary and Faceting Society,http://cincinnatilapidary.weebly.com/,Loveland
North Coast Fossil Club,http://ncfclub.org/,Cleveland
Ohio Geological Society,https://ohiogeosoc.org/,Worthington
Parma Lapidary Club,http://www.parmalapidary.com/,Cleveland
Richland Lithic & Lapidary Society,http://rlls.webs.com/,Mansfield
Summit Lapidary Club,http://lapidaryclubofohio.org/,Cuyahoga Falls
Toledo Gem & Rockhound Club,http://rockyreader.com/,Toledo
"Ada Gem, Mineral and Fossil Club",http://www.freewebs.com/agmfc/,Ada
Enid Gem & Mineral Society,http://www.enidgemandmineral.org/,Enid
Oklahoma Mineral and Gem Society,http://omgs-minerals.org/,Oklahoma City
Shawnee Gem and Mineral Society,https://www.facebook.com/Shawnee-Gem-and-Mineral-Society-524175917629452/,Shawnee
Tulsa Rock and Mineral Society,http://www.ttownrockhound.org/,Tulsa
Tahlequah Rock and Mineral Society,http://tramsok.webs.com/,Tahlequah
Central Oregon Rock Collectors,https://corockcollectors.com/,Redmond
Clackamette Mineral and Gem Club,http://www.clackamettegem.org/,Oregon City
Columbia-Willamette Faceters' Guild,http://facetersguild.com/,Portland/West Linn
FarWest Lapidary & Gem Society,http://www.farwestlapidary.org/,North Bend
Hatrockhounds Gem and Mineral Society,http://jall23.wixsite.com/hatrockhounds,Hermiston
Millennium Diggers Club,http://www.millenniumdiggers.com/,Portland
Mt Hood Rock Club,https://mthoodrockclub.wordpress.com/,Gresham
North American Research Group,http://narg-online.com/,Hillsboro
"Oregon Agate & Mineral Society, Inc.",http://www.oregonagate.org/,Portland
Oregon Coast Agate Club,http://www.coastagates.org/,Newport
Prineville Rockhound Pow-Wow Assoc.,http://prineville.rocks/,Prineville
Rock and Arrowhead Club of Klamath Falls,http://www.klamathrockclub.org/,Klamath Falls
Springfield Thunderegg Rock Club,http://thundereggrockclub.blogspot.com/,Springfield
Tualatin Valley Gem Club,https://tvrgc.org/,Forest Grove
"Willamette Agate and Mineral Society, Inc.",http://www.wamsi.net/,Salem
"Central Pennsylvania Rock and Mineral Club, Inc.",http://www.rockandmineral.org/,Harrisburg
"Che-Hanna Rock and Mineral Club, Inc.",http://www.chehannarocks.com/,Sayre
Delaware Valley Paleontological Society,https://sites.google.com/site/dvpspaleo/,Philadelphia
Friends of Mineralogy - Pennsylvania Chapter,http://www.rasloto.com/FM/,St. Peters
Gem City Rock and Mineral Society,http://www.gemcityrockclub.org/,Erie
Leidy Microscopical Society,http://leidymicroscopical.com/,Fairless Hills
"Mason-Dixon Rock, Mineral, Gemological, & Lapidary Club",http://topgemz.com/,Hanover
Mineralogical Society of Northeastern Pennsylvania,http://msnepa.org/,Moosic
Monongahela Rockhounds,http://www.monongahelarockhounds.org/,Pittsburgh
Monroe County Earth Science Association,http://www.mdsysconsulting.com/MCESA/,Stroudsburg
Moraine Rockbusters,http://www.morainerockbusters.org/,Mars
Nittany Mineralogical Society,http://www.nittanymineral.org/,State College
Pennsylvania Earth Sciences Association,http://www.mineralfest.com/,Whitehall
Philadelphia Mineralogical Society,http://www.phillyrocks.org/,Philadelphia
Pittsburgh Geological Society,http://www.pittsburghgeologicalsociety.org/index.html,Pittsburgh
Tuscarora Lapidary Society,http://www.lapidary.org/,Brookhaven
"Rhode Island Mineral Hunters, Inc.",http://rimh.us/,Warwick
Aiken Gem and Mineral Society,http://www.aikengmfs.org/,Aiken
Columbia Gem & Mineral Society,http://www.cgams.org/,Columbia
Lowcountry Gem and Mineral Society,http://lowcountrygemandmineralsociety.org/,North Charleston
Pendleton District Gem and Mineral Society,http://www.woodsmere.com/pdgms/,Central
Western South Carolina Gem and Mineral Society,http://www.wescagem.org/,Greenville
Sioux Empire Gem and Mineral Society,http://www.segams.org/,Sioux Falls
Western Dakota Gem & Mineral Society,http://www.wdgms.org/,Rapid City
Knoxville Gem & Mineral Society,http://www.knoxrocks.org/,Knoxville
Memphis Archaeological & Geological Society,http://www.memphisgeology.org/,Memphis
Middle Tennessee Rockhounds,http://www.rockhound.org/,Nashville
Mid-Tennessee Gem and Mineral Society,http://www.mtgms.org/,"Murfreesboro, Donelson, Tullahoma"
Arlington Gem and Mineral Club,http://www.agemclub.org/,Arlington
Austin Gem and Mineral Society,http://www.austingemandmineral.org/index.html,Austin
Central Texas Gem & Mineral Society,http://rockclub.txol.net/,Abilene
Chihuahuan Desert Gem and Mineral Club,http://www.cdgmc.org/,Alpine
Clear Lake Gem and Mineral Society,http://www.clgms.org/,Houston
"Cowtown Gem, Mineral & Glass Society",http://cera-fw.org/gem-mineral-glass/,Fort Worth
Dallas Gem and Mineral Society,http://www.dallasgemandmineral.org/,Dallas
Dallas Paleontological Society,https://dps.wildapricot.org/,Dallas
East Texas Gem and Mineral Society,http://www.etgms.com/,Tyler
"El Paso Mineral and Gem Society, Inc.",http://www.epmgs.com/,El Paso
Fort Worth Gem and Mineral Club,http://www.fortworthgemandmineralclub.org/,Fort Worth
Fredericksburg Rockhounds,http://fredericksburgrockhounds.org/,Fredericksburg
Geological Society of San Antonio,http://www.geosa.org/,San Antonio
"Golden Spread Gem, Mineral and Treasure Society",http://www.amarillotreasure.com/,Amarillo
Gulf Coast Gem & Mineral Society,http://www.gcgms.org/,Corpus Christi
Houston Gem and Mineral Society,http://www.hgms.org/,Houston
Lubbock Gem and Mineral Society,http://www.lubbockgemandmineral.org/,Lubbock
"Midland Gem and Mineral Society, Inc.",https://www.facebook.com/midlandgemandmineral/,Midland
Oak Cliff Gem and Mineral Society,http://www.ocgemandmineral.com/,Dallas
Paleontological Society of Austin,http://www.austinpaleo.org/,Austin
Pine Country Gem & Mineral Society,http://www.pinecountry-gms.org/,Jasper
Piney Woods Gem & Mineral Society,http://www.pwgms.org/,Huntsville
Pleasant Oaks Gem & Mineral Club,http://www.pogmc.org/,Dallas
"Rollin' Rock Club, Inc.",https://sites.google.com/site/rollinrockclub/,Rollin' Rock Club Of Texas And Any Other State Or Country Of The World and Outer Space
South Texas Geological Society,http://www.stgs.org/,San Antonio
Southwest Gem and Mineral Society,http://www.swgemandmineral.org/,San Antonio
Texas Faceters Guild,http://texasfacetersguild.org/,Houston
"Tri-City Gem and Mineral Society, Inc.",https://www.facebook.com/midlandgemandmineral/,Temple
Waco Gem and Mineral Club,http://www.wacogemandmineral.org/,Waco
Williamson County Gem and Mineral Society,http://www.wcgms.org/,Georgetown
"Wise County Fossil, Rock and Mineral Society",http://wisecofossilrockandmineralsoc.weebly.com/,Decatur
Beehive Rock and Gem Club,http://www.beehiverockandgem.com/,Ogden
Cache Rock and Gem Club,http://cacherockgemclub.weebly.com/,Smithfield
Golden Spike Gem & Mineral Society,http://goldenspikegem.org/,Ogden
Mineral Collectors of Utah,http://m-c-u.org/,Salt Lake City
Moab Rock Club,https://www.facebook.com/Moab-Rock-Club-1508131859497762/,Moab
Rockhounders Outreach for Community Knowledge,http://www.rockhoundersock.com/,Sandy
Timpanogos Gem & Mineral Society,http://timprocks.weebly.com/,Provo
Tooele Gem & Mineral Society,https://www.facebook.com/Tooele-Gem-Mineral-Society-1742342656045404/,Tooele
Wasatch Gem Society,http://www.wasatchgemsociety.com/,Salt Lake City
Burlington Gem and Mineral Club,http://www.burlingtongemandmineralclub.org/,Burlington
Rutland Rock & Mineral Club,http://www.rutlandrockmineralclub.50webs.com/,Rutland
"Gem and Mineral Hunters, Inc.",http://www.gmhonline.org/,Manassas
Gem and Mineral Society of Lynchburg,http://www.lynchburgrockclub.org/,Lynchburg
Gem and Mineral Society of the Virginia Peninsula,http://www.gmsvp.org/,Hampton
"Northern Virginia Mineral Club, Inc.",http://www.novamineralclub.org/,Arlington
Richmond Gem & Mineral Society,http://www.rgms-va.info/,Richmond
Roanoke Valley Mineral & Gem Society,https://www.facebook.com/RVMGS/,Roanoke
Shenandoah Valley Gem & Mineral Society,http://www.shenandoahvalleyrockclub.org/,Waynesboro
Tidewater Gem & Mineral Society,http://tgms.weebly.com/,Virginia Beach
"Bellevue Rock Club, Inc.",http://www.bellevuerockclub.org/,Bellevue
Cascade Mineralogical Society Inc,http://www.cascademineralogicalsociety.org/,Kent
Clallam County Gem & Mineral Association,http://www.olympicrocks.com/,Port Angeles
Darrington Rock & Gem Club,https://www.facebook.com/DarringtonRGC/,Darrington
East KingCo Rock Club,http://www.eastkingco.org/,Kirkland
Everett Rock & Gem Club,http://www.everettrockclub.com/,Everett
Ginkgo Mineral Society,http://wenatcheerockclub.org/,Wenatchee
Kitsap Mineral and Gem Societ,http://www.kmgs.org/,Bremerton
"Lakeside Gem & Mineral Club, Inc.",http://www.lakesidegemandmineralclub.com/,Kennewick
Maplewood Rock & Gem Community Club,http://www.maplewoodrockclub.com/,Edmonds
Marcus Whitman Gem and Mineral Society,https://www.sites.google.com/site/mwgemandmineral/,Walla Walla
"Marysville Rock & Gem Club, Inc.",https://sites.google.com/site/marysvillerockngemclub/,Marysville
Mount Baker Rock And Gem Club,http://mtbakerrockclub.org/,Bellingham
North American Miners Association,http://www.namaminers.org/,Kent
North Puget Sound Facetors Guild,http://www.facetguild.com/,Mount Vernon
Northwest Paleontological Association,http://nwpaleo.org/,Puget Sound
Panorama Gem & Mineral Club,http://panoramagem.com/,Arden
Puyallup Valley Gem & Mineral Club,https://www.facebook.com/PuyallupValleyGemClub,Puyallup
Skagit Rock and Gem Club,https://www.skagitrockandgem.com/,Mt. Vernon
Spokane Rock Rollers Club,http://www.rockrollers.org/WP/,Spokane Valley
North Seattle Lapidary & Mineral Club,http://www.northseattlerockclub.org,Seattle
Washington Agate and Mineral Society,https://wamsolympia.wordpress.com,Olympia
West Seattle Rock Club,http://www.westseattlerockclub.org/,Seattle
Yakima Rock & Mineral Club,http://www.yakimarockclub.com/,Yakima
Kanawha Rock and Gem Club,http://www.kanawharockandgemclub.org/,Charleston
Prehistoric West Virginia,http://prehistoricplanet.com/wv/,Morgantown
West Virginia Fossil Club Inc,http://www.westvirginiafossilclub.com/,Clarksburg
"Badger Lapidary & Geological Society, Inc.",http://www.badgerrockclub.org/,Monroe
Coulee Rock Club of La Crosse,https://www.facebook.com/pages/The-Coulee-Rock-Club/182345351787782,La Crosse
Heart of Wisconsin Gem & Mineral Society,https://www.heartofwisconsinrocks.com/,Marshfield & Stevens Point
Kettle Moraine Geological Society,http://www.kmgsrocks.com/,Pewaukee
Lakeland Gem Club,http://www.lakelandgemclub.com/,Minocqua
Madison Gem and Mineral Club,http://www.madisonrockclub.org/,Madison
Northwest Wisconsin Gem & Mineral Society,http://www.cameronamericanlegion.org/rockclub.html,Cameron
Oshkosh Earth Science Club,https://sites.google.com/site/oshkoshearthscienceclub/home,Oshkosh
"Racine Geological Society, Inc",http://rgs-wi.tripod.com/,Racine
Weis'n'Miners Geology Club,http://www.weismuseum.org/geology-club.html,Menasha
Wisconsin Geological Society,http://www.wisgeologicalsociety.com/,West Allis
Cody 59ers Rock Club,http://www.cody59ers.com/,Cody
Riverton Mineral and Gem Society,http://www.rivertonmgs.com/,Riverton
Wyoming State Mineral and Gem Society,http://wymineralandgemsociety.org,Cody
,,
,https://rocktumbler.com/book.shtml,"We highly recommend:  
              Modern Rock Tumbling by Steve Hart.   
              Learning is the fastest way to improve the quality of
              rocks that you tumble.  In this book you will learn from an expert with extensive 
              experience.  You will increase your abilities, learn to save time, money and have a great reference book
            that you will use again and again."
,https://rocktumbler.com/rotary.shtml,"
Vibratory Tumblers"
,https://rocktumbler.com/tumbling-supplies/,"

Tumbler Parts

"
,https://rocktumbler.com/books/gemstones-of-the-world.shtml,"We highly recommend:  
              Gemstones of the World (fifth edition) by Walter Schumann.   
              One of the most popular gemstone books ever written,  with  over one million copies sold. It has about 100 pages of basic gemstone information and about 200 pages dedicated to photos and descriptions of over 100  gems and gem materials. "
,https://rocktumbler.com/books/gemstone-tumbling-cutting-drilling-and-cabochon-making.shtml,"We highly recommend:  
              Gemstone Tumbling, Cutting, Drilling and Cabochon Making (by Jim Magnuson and Val Carver).   This is our favorite book for a person who does rock tumbling and now wants to make beads, pendants and other jewelry from tumbled stones. Includes an introduction to cabochon cutting. 
 "
,,
