,title,href,type,review
0,Spicy Lightly Pickled Cucumbers,/recipes/food/views/spicy-lightly-pickled-cucumbers,recipe,4
1,Cucumbers with Ajo Blanco Sauce,/recipes/food/views/cucumbers-with-ajo-blanco-sauce,recipe,4
2,Cold Beef Tenderloin with Tomatoes and Cucumbers,/recipes/food/views/cold-beef-tenderloin-with-tomatoes-and-cucumbers,recipe,2
3,Fried Fish Sandwiches with Cucumbers and Tartar Sauce,/recipes/food/views/fried-fish-sandwiches-with-cucumbers-and-tartar-sauce,recipe,3
4,Grain Salad with Tomatoes and Cucumbers,/recipes/food/views/farro-spelt-grain-salad-with-tomatoes-and-cucumbers,recipe,3
5,Charred Cabbage with Goat Cheese Raita and Cucumbers,/recipes/food/views/grilled-charred-cabbage-with-goat-cheese-raita-and-cucumbers,recipe,2
6,Cucumber-Seaweed Salad,/recipes/food/views/cucumber-seaweed-salad,recipe,0
7,Pineapple Shrimp Noodle Bowls,/recipes/food/views/pineapple-shrimp-noodle-bowls,recipe,3.36
8,Sambal Shrimp Lettuce Wraps,/recipes/food/views/sambal-shrimp-lettuce-wraps,recipe,3.5
9,Smashed Cucumber Salad with Lemon and Celery Salt,/recipes/food/views/smashed-cucumber-salad-with-lemon-and-celery-salt,recipe,0
10,Thai-Style Squid and Cucumber Salad,/recipes/food/views/thai-style-squid-and-cucumber-salad,recipe,2.5
11,Spicy Grilled Chicken with Crunchy Fennel Salad,/recipes/food/views/spicy-grilled-chicken-with-crunchy-fennel-salad,recipe,4
12,Lemon Salmon with Creamy Cucumber Salad,/recipes/food/views/grilled-salmon-with-meyer-lemons-and-creamy-cucumber-salad,recipe,2.6
13,Smashed Cucumber Salad with Hot Vinegar,/recipes/food/views/smashed-cucumber-salad-with-hot-vinegar,recipe,0
14,Sam's Spring Fattoush Salad,/recipes/food/views/sams-spring-cucumber-radish-fattoush-salad,recipe,3.86
15,Skirt Steak with Spicy Coconut Dressing,/recipes/food/views/skirt-steak-with-spicy-coconut-dressing,recipe,3.75
16,Mango Toast with Hazelnut-Pepita Butter,/recipes/food/views/mango-toast-with-hazelnut-pepita-butter,recipe,0
17,Quick-Pickled Charred Vegetables,/recipes/food/views/quick-pickled-charred-grilled-vegetables,recipe,4
18,Green Beans and Cucumbers with Miso Dressing,/recipes/food/views/green-beans-and-cucumbers-with-miso-dressing,recipe,3.5
19,Crispy Fish Fillets with Cucumber Ceviche,/recipes/food/views/fish-milanese-with-cucumber-ceviche,recipe,4
20,Thai-Style Pineapple-Coconut Rice,/recipes/food/views/thai-style-pineapple-coconut-rice,recipe,3
21,Peanut Noodles with Chicken and Snap Peas,/recipes/food/views/rice-noodles-with-peanut-sauce-chicken-and-snap-peas,recipe,3.63
22,Thai Beef Salad,/recipes/food/views/thai-beef-salad,recipe,4
23,Smashed Cucumbers and Radishes in Yogurt Sauce,/recipes/food/views/smashed-cucumbers-and-radishes-in-yogurt-sauce,recipe,0
24,Chicken Kofta Meatballs,/recipes/food/views/herby-chicken-kofta-meatballs,recipe,3.65
25,Teriyaki Steak Skewers with Asian-Style Greens,/recipes/food/views/teriyaki-steak-skewers-with-asian-style-greens,recipe,1
26,"Yogurt with Raisins, Cucumber, and Walnuts",/recipes/food/views/yogurt-with-raisins-cucumber-and-walnuts,recipe,0
27,Favorite Dill Pickles,/recipes/food/views/fast-favorite-garlic-dill-pickles-230707,recipe,3.4
28,Kale and Cucumber Salad with Ginger Dressing,/recipes/food/views/kale-and-cucumber-salad-with-roasted-ginger-dressing,recipe,2.93
29,"Chilled Beet Soup with Buttermilk, Cucumbers, and Dill (Chlodnik)",/recipes/food/views/chilled-beet-soup-with-buttermilk-cucumbers-and-dill-chlodnik,recipe,3.27
30,"Flatbread with Fava Beans, Cucumbers, and Burrata",/recipes/food/views/flatbread-with-fava-beans-cucumbers-and-burrata,recipe,4
31,Moroccan Skirt Steak Salad With Chermoula,/recipes/food/views/moroccan-skirt-steak-salad-with-chermoula,recipe,3.13
32,Cucumber and Raisin Relish With Mustard Seeds,/recipes/food/views/cucumber-and-raisin-relish-with-mustard-seeds,recipe,4
33,Fresh Dill Cucumbers with Lemon,/recipes/food/views/fresh-dill-cucumbers-with-lemon,recipe,0
34,Crispy Pork Lettuce Wraps,/recipes/food/views/crispy-pork-lettuce-wraps-with-spicy-cucumbers-56390119,recipe,4
35,Miso-Cured Black Cod with Chilled Cucumbers,/recipes/food/views/miso-cured-black-cod-with-chilled-cucumbers-56389995,recipe,1
36,Cold Asian Noodle Salad,/recipes/food/views/cold-asian-noodle-salad-with-chicken-and-cucumbers-56389799,recipe,3
37,Cucumbers with Scallions and Chili Oil,/recipes/food/views/cucumbers-with-scallions-and-chili-oil-56389645,recipe,0
38,Strawberry-Cucumber Salad with Lemon Cream,/recipes/food/views/strawberry-cucumber-salad-with-lemon-cream-56389861,recipe,4
39,Ginger-Dill Pickles,/recipes/food/views/ginger-dill-pickles-56389773,recipe,0
40,Sweet and Sour Pickles,/recipes/food/views/sweet-and-sour-pickles-56389775,recipe,2
41,Charred Romaine Greek Salad With Quinoa-Crusted Feta,/recipes/food/views/charred-romaine-greek-salad-with-quinoa-crusted-feta-56389585,recipe,4
42,"Lentils with Cucumbers, Chard, and Poached Egg",/recipes/food/views/-lentils-with-cucumbers-chard-and-poached-egg-51260640,recipe,3.67
43,All Green Salad with Citrus Vinaigrette,/recipes/food/views/all-green-salad-with-citrus-vinaigrette-56389342,recipe,3.38
44,Crushed Cucumbers with Lime Pickle and Coconut,/recipes/food/views/crushed-cucumbers-with-lime-pickle-and-coconut-51248470,recipe,0
45,Grilled Sichuan Cumin Lamb Chops with Quick Pickled Cucumbers,/recipes/food/views/grilled-sichuan-cumin-lamb-chops-with-quick-pickled-cucumbers-51239210,recipe,0
46,Moroccan Vegetable Salad,/recipes/food/views/moroccan-vegetable-salad-51230210,recipe,4
47,Katchkie Farm Cool Cucumber Yogurt Soup,/recipes/food/views/katchkie-farm-cool-cucumber-yogurt-soup-51189810,recipe,1
48,Shirazi Salad,/recipes/food/views/shirazi-salad-51169570,recipe,3.5
49,Na'ama's Fattoush,/recipes/food/views/naamas-fattoush-51115620,recipe,3.8
50,Spiced Cucumbers and Coconut Milk,/recipes/food/views/spiced-cucumbers-and-coconut-milk-395924,recipe,3.36
51,Carrot and Yogurt Sauce,/recipes/food/views/carrot-and-yogurt-sauce-395932,recipe,3.6
52,Cucumber and Radish Salad,/recipes/food/views/cucumber-and-radish-salad-395895,recipe,1
53,Cucumber and Avocado Salad,/recipes/food/views/cucumber-and-avocado-salad-395438,recipe,3.52
54,Cucumber-Aloe Cocktail,/recipes/food/views/cucumber-aloe-cocktail-366715,recipe,2
55,Roasted Cucumber Sandwiches,/recipes/food/views/roasted-cucumber-sandwiches-366725,recipe,3.4
56,Cucumber-Basil Egg Salad,/recipes/food/views/cucumber-basil-egg-salad-364869,recipe,3.11
57,Persian Cucumber and Purple Rice Salad,/recipes/food/views/persian-cucumber-and-purple-rice-salad-354964,recipe,3
58,"Salmon with Snap Peas, Yellow Peppers, and Dill-Pistachio Pistou",/recipes/food/views/salmon-with-snap-peas-yellow-peppers-and-dill-pistachio-pistou-354297,recipe,3.75
59,Lettuce Wraps with Smoked Trout,/recipes/food/views/lettuce-wraps-with-smoked-trout-354304,recipe,3
60,Grilled Lime-Curry-Rubbed Hanger Steak with Fresh Melon-Cucumber Chutney,/recipes/food/views/grilled-lime-curry-rubbed-hanger-steak-with-fresh-melon-cucumber-chutney-353669,recipe,3.8
61,Cucumber Kimchi (Oi Gimchi),/recipes/food/views/cucumber-kimchi-oi-gimchi-353209,recipe,2.67
62,"Grilled Chicken Salad with Radishes, Cucumbers, and Tarragon Pesto",/recipes/food/views/grilled-chicken-salad-with-radishes-cucumbers-and-tarragon-pesto-352032,recipe,3.6
63,Sweet Cucumber and Radish Salad,/recipes/food/views/sweet-cucumber-and-radish-salad-241171,recipe,2.17
64,Cucumber-Dill Soup with Scallions,/recipes/food/views/cucumber-dill-soup-with-scallions-352429,recipe,3
65,Tomato and Watermelon Salad,/recipes/food/views/tomato-and-watermelon-salad-352389,recipe,3.66
66,Cucumber Apple Pickle,/recipes/food/views/cucumber-apple-pickle-351891,recipe,2.88
67,Minted Green Salad,/recipes/food/views/minted-green-salad-351132,recipe,3.13
68,Cucumber Salad,/recipes/food/views/cucumber-salad-350881,recipe,3.6
69,"Shrimp Skewers with Tzatziki, Spinach, and Feta",/recipes/food/views/shrimp-skewers-with-tzatziki-spinach-and-feta-242967,recipe,3.15
70,Cucumbers with Wasabi and Rice Vinegar,/recipes/food/views/cucumbers-with-wasabi-and-rice-vinegar-242292,recipe,3.53
71,Pork-Belly Buns,/recipes/food/views/pork-belly-buns-240258,recipe,3.52
72,Quick & Spicy Asian Pickles,/recipes/food/views/quick-spicy-asian-pickles-238544,recipe,3.95
73,Cucumbers and Dill in Horseradish Cream,/recipes/food/views/cucumbers-and-dill-in-horseradish-cream-238067,recipe,3
74,Cucumber Noodles,/recipes/food/views/cucumber-noodles-237668,recipe,2.14
75,Shark and Bake,/recipes/food/views/shark-and-bake-234799,recipe,3.58
76,Japanese Cucumber Salad with Miso Dressing,/recipes/food/views/japanese-cucumber-salad-with-miso-dressing-235823,recipe,3
77,Chilled Radish Buttermilk Soup,/recipes/food/views/chilled-radish-buttermilk-soup-235443,recipe,2.5
78,Grilled Gazpacho Salad with Shrimp,/recipes/food/views/grilled-gazpacho-salad-with-shrimp-235333,recipe,3.32
79,Pan-Cooked Bass with Dill and Cucumber,/recipes/food/views/pan-cooked-bass-with-dill-and-cucumber-234985,recipe,3.78
80,Chief of Staff Cholent (Hebronite Hamim),/recipes/food/views/chief-of-staff-cholent-hebronite-hamim-231758,recipe,2.75
81,Kibbutz Vegetable Salad,/recipes/food/views/kibbutz-vegetable-salad-231756,recipe,3.63
82,Hibiscus Flower Water,/recipes/food/views/hibiscus-flower-water-201231,recipe,3
83,Layered Pickled Herring Salad with Tart Apples and Red Onion,/recipes/food/views/layered-pickled-herring-salad-with-tart-apples-and-red-onion-3004,recipe,3.33
84,Sour Cream Cucumbers,/recipes/food/views/sour-cream-cucumbers-20073,recipe,3.5
85,"Crunchy Chicken Salad with Shiitake Mushrooms, Spicy Sesame Dressing and Peanuts",/recipes/food/views/crunchy-chicken-salad-with-shiitake-mushrooms-spicy-sesame-dressing-and-peanuts-101251,recipe,3.33
86,Sauteed Cucumbers with Cumin and Mint,/recipes/food/views/sauteed-cucumbers-with-cumin-and-mint-12413,recipe,1
87,Sweet-and-Sour Cucumbers with Fresh Dill,/recipes/food/views/sweet-and-sour-cucumbers-with-fresh-dill-109713,recipe,3.72
88,Green Papaya Salad with Shrimp,/recipes/food/views/green-papaya-salad-with-shrimp-10520,recipe,3.54
89,Southeast Asian Style Turkey Burgers with Pickled Cucumbers,/recipes/food/views/southeast-asian-style-turkey-burgers-with-pickled-cucumbers-101071,recipe,3.68
90,Basil Tabbouleh,/recipes/food/views/basil-tabbouleh-12521,recipe,3.2
91,African Adobo-Rubbed Tuna Steaks,/recipes/food/views/african-adobo-rubbed-tuna-steaks-108201,recipe,3.77
92,Cordoban Gazpacho,/recipes/food/views/cordoban-gazpacho-106875,recipe,3.63
93,Red Flannel Hash with Fried Eggs,/recipes/food/views/red-flannel-hash-with-fried-eggs-5824,recipe,3.5
94,Creamy Cucumbers,/recipes/food/views/creamy-cucumbers-108996,recipe,3.25
95,Iced Cucumbers and Carrots,/recipes/food/views/iced-cucumbers-and-carrots-101538,recipe,0
96,White Gazpacho,/recipes/food/views/white-gazpacho-102302,recipe,3
97,Dilled Potato and Pickled Cucumber Salad,/recipes/food/views/dilled-potato-and-pickled-cucumber-salad-109778,recipe,3.77
98,Quick Pickled Cucumbers,/recipes/food/views/quick-pickled-cucumbers-108333,recipe,3.5
99,Cucumbers in Yogurt,/recipes/food/views/cucumbers-in-yogurt-108080,recipe,3.5
100,Crab-Stuffed Cucumbers,/recipes/food/views/crab-stuffed-cucumbers-157,recipe,3.15
101,Sesame Chicken Noodle Salad,/recipes/food/views/sesame-chicken-noodle-salad-107849,recipe,3.26
102,Crispy Cucumber Soup,/recipes/food/views/crispy-cucumber-soup-106691,recipe,1.67
103,"Tomato Salad with Cucumbers, Arugula, and Sardines",/recipes/food/views/tomato-salad-with-cucumbers-arugula-and-sardines-106465,recipe,2.5
104,Vinegared Cucumber Salad,/recipes/food/views/vinegared-cucumber-salad-15265,recipe,2.67
105,Pickled Cucumbers,/recipes/food/views/pickled-cucumbers-14045,recipe,3.33
106,Sliced Tomatoes and Cucumbers,/recipes/food/views/sliced-tomatoes-and-cucumbers-12670,recipe,2.36
107,Central Asian Rice and Bean Stew,/recipes/food/views/central-asian-rice-and-bean-stew-15774,recipe,3.38
